Smartphone,Hardware,Gamming,Security,Internet,Software,
android,computer,video,software,internet,computer,
personal,hardware,game,botnet,world,program,
digital,mainframe,computer,internet,wide,linux,
blackberry,laptop,console,computer,computer,data,
app,processor,personal,worm,network,science,
store,digital,spacewar,operating,cyberspace,malware,
iphone,automation,arcade,system,google,groupware,
bluetooth,science,nvidia,threat,browser,shareware,
nokia,personal,first,backdoor,ip,firmware,
mobile,macintosh,shooter,data,address,system,
phone,desktop,microsoft,things,instant,programmer,
ios,supercomputer,windows,ip,messaging,interpreter,
qwerty,expansion,microcomputer,address,email,algorithm,
call,slot,microprocessor,trusted,information,package,
internet,upgrade,sound,platform,facebook,spyware,
symbian,touchpad,card,module,blogging,software,
payment,input,cybergame,federal,youtube,code,
operating,device,virtual,bureau,multimedia,subprogram,
system,minicomputer,reality,investigation,modem,applications,
palm,motherboard,heroinware,information,usenet,database,
os,microcomputer,telegaming,technology,intranet,management,
multimedia,microprocessor,software,social,broadband,microprocessor,
accelerometer,telecomputer,oxo,engineering,engineering,operating,
hellio,bios,atari,cyberwarfare,task,compatible,
wi-fi,nanocomputer,electronic,power,force,freeware,
keyboard,precomputer,sega,grid,wireless,information,
multitasking,computerologist,master,formal,twitter,microsoft,
feature,computerist,system,verification,myspace,windows,
device,anticomputer,chess,depot,peer-to-peer,debugger,
text,computerology,pdp-1,security,business,machine,
messaging,puter,porting,target,file,word,
windows,computerdom,mainframe,corporation,sharing,processor,
form,neurocomputer,lan,office,social,interface,
factor,computeritis,party,personnel,service,antivirus,
capacitive,compy,doom,management,hypertext,desktop,
sensing,ibook,pac-man,bluetooth,transfer,technology,
3g,softmodem,adventure,television,protocol,server,
global,hostmaster,space,exploit,suite,automation,
positioning,pda,invaders,cryptosystem,telephony,browser,
samsung,computerlike,pc,authentication,cern,functionality,
camera,teletype,internet,eavesdropping,site,enterprise,
tablet,computerbased,yamaha,carnivore,supercomputer,debugging,
touchscreen,computercide,download,electromagnetism,data,solutions,
motorola,screensaver,run,food,arpanet,app,
htc,vm,cartridge,drug,database,mainframe,
software,cybersystem,commodore,administration,electronic,text,
phablet,cybernetic,arts,wi-fi,tim,editor,
sensor,multinetwork,home,tempest,berners-lee,technical,
magnetometer,telnet,team,phishing,advertising,support,
barometer,cybersavvy,field,fbi,online,open-source,
gyroscope,telecommuter,myst,nba,cyber,internet,
telephony,cyberjunkie,fm,tampering,offline,analog,
hand,machinima,towns,backup,ftp,language,
lte,cyberintrusion,emulator,malware,server,download,
ibm,cybersociology,input,cd-rom,page,rom,
pm,cyberterrorism,device,telecommunication,media,engineer,
bellsouth,turing,mouse,narus,hyperlink,assembly,
faxes,machine,pong,aviation,voice,integrated,
emails,cybernetwork,creative,superuser,national,development,
oled,appender,labs,accelerometers,science,environment,
dos,cyberinteraction,television,network,foundation,vm,
calculator,communication,genre,anonymous,digital,telnet,
qualcomm,data,hobbyist,airbag,aol,dbms,
comdex,converter,directx,denial-of-service,provider,os,
html,peripheral,opengl,attack,shopping,subroutine,
hewlett-packard,cybertechnology,centipede,design,video,routine,
psion,wardialer,tic-tac-toe,wireless,name,procedure,
europe,observatory,edsac,smart,space,cad,
piggy-back,netzine,minigame,devices,corporation,upgrade,
application,organize,namco,military,assigned,library,
geoworks,information,pdp-11,passport,numbers,parser,
broadband,wave,platformer,common,chat,login,
display,clip,clock,vulnerabilities,portal,adware,
aspect,downloader,rate,exposures,superhighway,softlifting,
ratio,electronic,nec,rfid,marketing,informatics,
gaming,cyberjargon,microchess,automated,ipv4,techie,
smart,access,disport,electronics,customer,hackathon,
installation,uploader,dvd,denial,ipv6,nonprogramming,
proximity,cyberpsychology,polo,service,newsgroup,metaprogramming,
i-mode,pessimize,frogger,sensor,local,uploader,
speakerphone,graphic,postgame,zombie,area,pessimize,
chtml,card,time,equifax,request,multimedia,
satellite,compunications,pastime,pacemaker,comments,screensaver,
navigation,analog,diversion,distributed,mail,cpu,
1seg,pseudocode,sprite,reflection,users,wardialer,
intelligent,dumb,player,hacktivism,cybercrime,incrementor,
t-mobile,terminal,starting,keystroke,opera,adobe,
resistive,cyberphilosophy,ibm,logging,regional,add-on,
push,mac,play,covert,registry,plug-in,
t9,word,nongamer,listening,search,acrobat,
handset,process,cpu,disk,net,pseudocode,
cellphone,design,side-scroller,national,spamming,oss,
ipod,misclick,making,agency,academic,proprietary,
handheld,login,gameday,provider,academia,teleprogramming,
wireless,chiclet,gamification,vandalism,commercialization,minicomputer,
laptop,keyboard,dosbox,kgb,artisan,playbill,
browser,antivirus,metagaming,email,government,softmodem,
desktop,clickless,first,spoofing,portmanteau,optimizer,
cellular,cybergeneration,bios,messaging,business-to-business,digital,
keypad,chip,one,privilege,uucp,applet,
imac,cafe,got,escalation,internetwork,bloatware,
megapixel,cybersuicide,gameplayer,bank,e-commerce,user,
ipad,escape,better,milwaukee,tymnet,mnemonic,
env,key,mac,bucks,telenet,gnome,
droid,video,koei,form,software,electronic,
iliad,surf,supercomputer,w-2,access,microcomputer,
notebooks,cyberfuture,technology,evil,cybernetic,crossgrade,
iad,storage,set,maid,x.25,pc,
bada,virtualize,ever,artifact,norsar,reader,
ikon,mouseclick,processor,exchange,mozilla,networking,
powerbook,uninstall,instead,commission,firefox,google,
portability,monitor,online,credit,mobile,online,
widgets,central,touch,card,csnet,multitask,
itunes,unit,well,number,tunis,soft,
ringtone,intranet,digital,account,yahoo,preprogram,
microprocessor,stream,put,ransomware,peering,cybernetic,
syncing,scancode,cybernetic,black,technology,micro,
gmail,incrementor,laptop,market,connections,bios,
ebook,tv,easy,teller,subscribers,multiprogramming,
cloud,tuner,new,machine,extranet,virtualize,
storage,gnome,machinima,personal,cable,ssh,
virtual,biocomputing,going,identification,msn,intranet,
frank,logon,went,programming,virtual,ibm,
canova,memex,big,pepco,downloading,pda,
simon,von,another,kernel,link,ecos,
frequencies,neumann,hard,nuclear,content,avast,
newton,cyberimmortality,even,plant,interactive,cyanea,
ce,earom,pda,emergency,applications,nessus,
median,code,drives,readiness,readers,plugins,
pocket,programmable,getting,department,predictor,interactive,
qnx,circuit,available,homeland,janet,acclivity,
early,configuration,real,meter,tracking,toolkit,
adopters,section,giants,pan-european,clients,encryption,
manufacturer,cybernate,mind,air,ads,analytics,
omnigo,techie,gaymer,navigation,marketplace,workflow,
700lx,diskette,series,traffic,consumers,metadata,
hp,reality,trouble,control,pc,microcode,
200lx,visual,lot,cybersecurity,allows,product,
fairphone,display,box,firmware,lets,encode,
read-only,cyberdating,instance,tablet,desktop,portability,
memory,brain,next,watch,uk,teletype,
shiftphone,two,done,mobile,gaming,enables,
cameraphone,finger,second,quantified,wired,devices,
gadget,type,actually,self,enables,appender,
palmtop,home,record,activity,available,messaging,
trackpad,killer,telnet,tracker,newspapers,wireless,
postpaid,poke,machine,nest,travel,office,
gizmo,cyber,every,thermostat,selling,processing,`
touchpad,monkey,bitmap,staples,outlets,macintosh,
redberry,metaprogramming,though,inc.,companies,computerized,
miq,room,performance,insurance,focusing,audio,
flybook,translation,gui,firewall,federal,multinetwork,
froyo,firmware,crash,hacking,united,cyberintrusion,
precentral,system,dreidel,cracker,states,marketing,
xenium,extranet,joystick,hbgary,telnet,apple,
ibook,teleprocessing,distribution,sony,3g,telecomputer,
clix,ambimoustrous,vm,pictures,personal,provider,
treo,meatware,gamesome,entertainment,4g,kludge,
eees,rootkit,teletype,cruise,device,available,
entune,computerphone,physx,anti-lock,man,startup,
fring,command,intranet,brakes,developing,bitness,
isee,line,soccer,advanced,hotspot,cybernetwork,
dongle,interpreter,gnome,driver-assistance,population,intel,
smartie,dork,x68000,connected,grassroots,excel,
turion,graphician,monitor,car,television,cybersystem,
skout,videoterminal,gameland,self-driving,vienna,hostmaster,
eyebeam,nonprogramming,lusorious,compact,cybertechnology,meatware,
styli,transputer,login,disc,toronto,precomputer,
trackball,third,recreational,correctness,feed,aol,
autocorrect,screen,gamecard,area,philadelphia,keygen,
giffgaff,database,massachusetts,algorithms,pittsburgh,anticomputer,
decuma,multitask,institute,tesla,forum,computerist,
filofax,spread,computerdom,motors,ricochet,allows,
hertz,assistant,cyber,united,cybersavvy,gaming,
communicator,utility,compy,states,cybersociology,netzine,
pen/geos,picture,puter,transportation,telecommuter,uninstall,
design,superhighway,predictor,light,financial,cybersociology,
inch,work,noncomputer,id,cyberjunkie,telecommuter,
code,alpha,alan,cloning,supply,cybertechnology,
division,test,kotok,sel4,chain,cisco,
multiple,technical,precomputer,sysgo,cyberterrorism,computerology,
access,support,computernik,embedded,cybernetwork,compy,
led,boot,computerologist,pikeos,sneakernet,puter,
service,storm,computerist,access,domain,files,
1440p,imac,anticomputer,medical,system,communications,
ntt,control,computeritis,dongle,teletype,msn,
docomo,transaction,nanocomputer,crack,cyberjargon,unix,
near-field,age,antivirus,insulin,cyberinteraction,chip,
voip,write,automation,pump,mainframe,cyberpsychology,
wifi,email,steve,cheque,cybersuicide,ibook,
usb-c,quiche,russell,windows,proper,cyberinteraction,
television,eater,computerology,xp,noun,based,
danger,background,neurocomputer,manufacturing,multihoming,graphics,
hiptop,mouse,dos,integrity-178b,capital,computerbased,
statista,hard,computerlike,virus,letter,computernik,
research,disk,gamey,nsa,geant,handheld,
motion,drive,gameworld,laptop,gloriad,nanocomputer,
headphones,image,xbox,monitoring,cyberpsychology,computerologist,
apple,scanner,peripheral,board,internet2,noncomputer,
inc.,store,hostmaster,intelligence,money,equipment,
eseries,sequencer,ibook,programme,cybereducation,rootkit,
wallet,element,text,register,cyberphilosophy,multiload,
nseries,component,backgammon,scan,netzine,computerdom,
handwriting,scheduler,cybersystem,screen,login,cyberterrorism,
recognition,constituent,telecomputer,document,resource,cyberjunkie,
lg,predictor,tennis,line,netlag,neurocomputer,
prada,technology,hockey,load,uniform,1960s,
distribution,c.p.u.,telecommuter,lock,locator,cybersavvy,
amoled,applications,interactive,cam,info,linker,
wacom,pc,fiction,keypad,wiki,alan,
protocol,tools,cybersavvy,gateway,cybergeneration,turing,
dream,teleprinter,cyberintrusion,convertible,packet,cyberjargon,
limited,multimedia,yoyo,beta,switching,cyberphilosophy,
galaxy,equipment,cyberjunkie,den,multinetworked,computerlike,
note,mobile,subbuteo,application,npl,graphician,
series,phones,multinetworked,float,management,scancode,
london,portable,colossal,call,merit,multithreaded,
festival,user,cave,resolution,cybersystem,john,
cell,instruction,ati,strength,cyberdating,w.,
user,integrated,cybersociology,telnet,router,tukey,
interface,embedded,netzine,filtering,cybernews,cybersuicide,
flash,ibm,computerbased,agenda,communications,computercide,
flexible,proprietary,computercide,sector,wi-fi,servlet,
smartwatch,interface,cybernetwork,age,cyberintrusion,extranet,
round,decoder,cyberterrorism,protocol,cyberia,srx,
flex,handheld,softmodem,code,university,ready-made,
project,networking,mindscape,counter,"california,",courseware,
ara,available,accolade,drive,los,synapta,
modular,product,rollercoaster,enabling,angeles,agentry,
smartphone,microsoft,cyberjargon,ins,henry,isogon,
zombie,sophisticated,gold,special,samueli,autonomics,
chongqing,wireless,cyberinteraction,escape,school,disassembler,
g5,micro,toy,nist,applied,coreid,
china,audio,cyberpsychology,gordon-loeb,minicomputer,spooler,
moto,compatible,cybertechnology,model,processor,summarizer,
fingerprint,functionality,pool,google,leonard,ebcdic,
reader,ipod,radiance,expected,kleinrock,migrator,
atrix,console,sportive,value,compunications,recode,
4g,enabled,bard's,central,cpu,belight,
5s,rame,tale,archive,documents,assentor,
near,braz,role-playing,chip,sri,workstation,
field,barebone,'ve,bug,international,insp,
xperia,xci,merriment,chatting,microcomputer,wordprocessing,
z5,analysed,shareware,adapter,douglas,propylon,
premium,ritt,gamestress,accumulator,engelbart,cinematize,
philippines,broadbent,dodgeball,box,menlo,undelete,
4k,saqqara,screensaver,boot,"park,",eyebeam,
resolution,venlo,cyberphilosophy,blender,california,adrem,
bali,index,world,biot,santa,prebuilt,
docking,bluecoat,misclick,bush,barbara,clearstory,
station,gadgets,football,bustle,vm,outspring,
indonesia,unlv,appender,button,utah,cadra,
environment,interactive,type-in,channels,networks:,immix,
reality,operating,program,cache,heralds,utility,
augmented,developed,compunications,caddy,misinformation,biocomputing,
espoo,makers,clickless,bios,teleinstruction,logon,
kilobit,online,amusement,background,diskette,teleinstruction,
getjar,capabilities,pseudocode,back,bios,dramality,
handango,smart,n't,assembly,tanum,supercomputer,
essential,workstations,cybersuicide,clear,municipality,netscape,
handmark,printers,1980s,cartridge,t.,configuration,
pocketgear,installing,playstation,cat,kirstein,section,
f-droid,printing,golden,russia,institute,command,
rollable,newer,age,ukraine,london,line,
accident,custom,lotto,physical,safari,instruction,
patent,cellular,wardialer,markus,college,real-time,
japan,tech,clone,hess,cyberfuture,beta,
foldable,intel,uploader,clifford,teleprocessing,alpha,
ethernet,bus,extranet,stoll,department,supervisory,
gps,sysadmin,sport,cuckoo's,defense,shrink-wrapped,
google,teleinstruction,mouseclick,egg,cyberlearning,computer-aided,
telephoto,bitness,fm-7,classified,princeton,design,
monochrome,autodial,sneakernet,architecture,client-server,authoring,
melatonin,calx,drollery,assurance,keyword,third-party,
cycling,tyan,cyberfuture,exit,"stockholm,",aid,
huawei,revolutionise,pessimize,procedure,sweden,learn,
rgb,sprt,cyberdating,cyberspace,cornell,open,
wikileaks,cepheid,adlib,stack,publish,quiche,
honor,belm,funster,china,softmodem,eater,
dsl,subsegment,memex,big,audience,security,
fold,syke,cyberimmortality,apache,cost,media,
video,mmus,funfest,hadoop,tcp/ip,von,
central,celanese,ambimoustrous,monetize,telecomputer,neumann,
processing,drad,cybergeneration,learning,employees,malevolent,
unit,exg,logon,persistent,markup,division,
dial-up,subindex,texas,buffing,language,monkey,
hierarchy,scur,instruments,animatronics,html,central,
smombie,architecture,ti-99/4a,captcha,editor,unit,
liquid-crystal,board,middlegame,packet,appender,write,
ips,first,cricket,capture,knowbot,circuit,
panel,draft,fileserver,appliance,cyberteaching,binary,
m-pesa,report,meatware,self-checkout,darknet,numbers,
safaricom,edvac,frolic,scanner,httpd,branch,
force,john,crutch,open,autodialer,high-level,
touch,flip,biocomputing,port,cyberage,tv,
voice,ram,steam,penetration,discussion,tuner,
hd,cd,earom,test,hostmaster,mac,
long,arithmetic,ludology,cybercrime,cyberstudent,free,
distance,logic,uninstall,cyber-attacks,precomputer,background,
zidisha,register,ti,two,anticomputer,natural,
market,dvd,funtastic,factor,computerist,license,
share,log,immersion,inoculation,computerize,test,
megabit,path,touchpad,theory,computerphone,patch,
inductive,beta,funless,cyberattack,transputer,predefined,
charging,add,floorball,defense,neurocomputer,object,
screen,number,skateboard,evaluation,voip,orient,
protector,main,lacrosse,criteria,noncomputer,segmentation,
on-the-go,counter,cybernate,blockchain,logon,fault,
powered,security,donkey,bitcoin,telelearning,wave,
speaker,distribute,kong,level,rootkit,clip,
zte,content,elite,bundesnachrichtendienst,uploader,load,
satnav,square,incrementor,infragard,global,screen,
bokeh,eye,coleco,cyberterrorism,stream,pair,
5g,mass,adam,uscybercom,computerology,converter,
play,output,dork,airbus,computerologist,killer,
network,industrial,midgame,a380,nanocomputer,poke,
protected,goods,computerphone,cryptographic,computernik,observatory,
speech,household,badminton,list,compy,stream,
data,appliance,scancode,capability-based,computerbased,video,
sound,external,athletics,confused,computerlike,chinese,
recording,market,gamepad,deputy,cybercommunication,room,
reproduction,segmentation,gameboard,problem,adsl,organize,
media,plumbing,lulz,language,cyberpatient,batch,
player,fixture,transputer,cornell,ibook,dumb,
infrared,fund,graphician,university,computerdom,terminal,
blaster,capacity,rugby,robert,computercide,memory,
real-time,profit,gamble,tappan,puter,search,
base,margin,sportling,"morris,",screensaver,third,
world,contribution,lark,jr.,telecommunications,visual,
university,penetration,darknet,laboratory,administration,display,
southern,boost,jack,trojan,pessimize,square,
california,satellite,diskette,horse,metaprogramming,eye,
safe,fortran,techie,vending,sysadmin,card,
rensselaer,compiler,sportsmanship,aeronautics,commerce,access,
polytechnic,optical,racquet,space,dns,curly,
institute,hot,sysadmin,tjx,root,bracket,
stages,stock,funfilled,companies,zone,nasa,
sleep,telecommunication,teleinstruction,debit,infomediary,expansion,
"augsburg,",philippine,e.t.,centrifuge,messenger,slot,
germany,peso,extra-terrestrial,logic,society,surf,
banking,capital,central,edward,architecture,ada,
branchless,swedish,processing,snowden,board,lovelace,
international,krona,unit,washington,authentication,escape,
finance,blood,guess,post,steering,key,
corporation,executive,teleprocessing,guardian,group,chiclet,
mandiri,summary,metaprogramming,antivirus,encryption,keyboard,
globe,recording,soccerplex,identifiable,research,peripheral,
telecom,mexican,parlor,avid,md5,brain,
contactless,wide,zx,life,summit,relational,
point,war,spectrum,media,podcast,chart,
sale,trading,bbc,viruses,tier,emulation,
vault,range,micro,dns,kingdom,right,
agency,analysis,table,fast,transit,hemisphere,
cyber,par,sony,flux,path,home,
warfare,norwegian,pc-8801,bulletproof,isp,maintenance,
industrial,krone,engine,hosting,wifi,eclipse,
right,leader,compact,cyber-security,hotmail,embedded,
color,generic,disc,regulation,dsl,swing,
temperature,drug,pc-9801,virtual,skype,storage,
ego,short,display,richard,exchange,hard,
depletion,interest,resolution,a.,point,drive,
technology,civil,ping,clarke,porn,compact,
wars,engineering,japanese,general,wap,disc,
p20,warfare,writing,secretary,slashdot,music,
binary,weighed,rugger,communist,napster,control,
image,ischaemic,design,party,pornography,flow,
document,stroke,daff,xi,bandwidth,commercial,
file,front,unreal,jinping,gmail,gtk+,
format,end,frequency,chinese,tele,bug,
sony,earnings,modulation,government,http,aging,
zoom,expense,synthesis,cyberdefence,homepage,hacker,
states,public,squeaker,centre,teletext,w3c,
kingdom,company,amiga,criminal,hulu,ietf,
copyright,consumer,sportsplex,police,browsing,xml,
infringement,second,st,san,uncensored,http,
kill,trimester,graphic,francisco,snoop,html,
switch,asking,child's,militärischer,phishing,modem,
national,table,physics,abschirmdienst,craigslist,corel,
highway,gender,parlour,cyber,playstation,symantec,
traffic,gap,shovelware,policy,aggregator,novell,
safety,amplifier,treasure,indian,ethernet,waterfall,
administration,competitive,hunt,response,classifieds,model,
utah,per,sporter,prime,strato,agile,
driving,capita,nomic,minister's,hacker,regression,
cable,income,nonsports,title,ebay,aspect-oriented,
modem,pipe,multisport,fraud,telco,punched,
scientific,fitting,sportsaholic,abuse,html5,notepad,
literature,inflammatory,j'adoube,act,age,quicksort,
farm,disease,paddlesport,executive,onion,intellij,
insurance,slap,passtime,order,route,idea,
distracted,egyptian,wave,framework,education,studio,
gsm,pound,clip,risk,go,oracle,
radiotelephone,later,communication,division,scale-free,corporation,
pay,smarten,data,white,ascii,floppy,
dial,projector,converter,collar,table,disk,
landline,telephone,zero,crime,angelfire,spring,
megaphone,call,pillow,center,forwarding,framework,
radiolinja,belong,fight,justice,geocities,magnetic,
unphoned,theater,flight,assistance,peripheral,tape,
phoneless,stored-program,feelies,complaint,default,foundation,
allophone,bottleneck,sportless,european,caribbean,service,
phoner,inc.,cga,intellectual,border,.net,
telethon,factor,outdoor,property,get,hash,
phonetic,microphone,sportlike,section,onto,table,
untelephoned,gpu,carpetball,evidence,unicode,instrument,
videophone,guangzhou,access,council,coaxial,array,
netphone,ssd,speaker,union,optical,type,
textphone,joystick,observatory,communications,fiber,tree,
make,solid-state,drink,highway,satellite,bill,
phonable,array,organize,safety,walkie-talkie,gates,
trimphone,flash,information,aircraft,cafe,flash,
ring,disc,chance,reporting,kiosk,sap,
loudly,tianhe-2,expansion,next,log,ag,
dataphone,speaker,slot,christian,process,mozilla,
magnetotelephone,braille,playtest,science,cbeebies,gnu,
receiver,embosser,outsport,protection,wave,project,
farspeaker,laboratory,turing,command,clip,,
tisiphone,plamtop,apple,canadian,assistant,,
switchhook,rom,iic,incident,ventrilo,,
telecommunication,power,middleware,new,neutrality,,
rotary,signal,four,york,teamspeak,,
chinese,,square,times,sign,,
whisper,,kiteboarding,kingdom,homework,,
box,,enhanced,uk,spread,,
monkey,,adapter,forum,library,,
pocketphone,,config.sys,leading,collaboration,,
prank,,havok,group,linux,,
italophone,,autoexec.bat,informatization,irc,,
sim,,toylike,rsa,standard,,
card,,stream,conference,surf,,
someone,,surf,,layer,,
russophone,,cafe,,tv,,
mean,,tandy,,tuner,,
caller,,aid,,transport,,
tone,,analog,,audit,,
proration,,role,,set,,
xenophone,,chiclet,,top,,
tele,,keyboard,,box,,
noncall,,retrieve,,vonage,,
keyphone,,dumb,,chatroom,,
miscall,,terminal,,toothing,,
room,,server,,giffgaff,,
picocell,,hawkins,,netizens,,
callable,,plug,,netiquette,,
forecall,,ascii,,cybersex,,
germanophone,,memory,,cybercafe,,
radio,,chip,,xis,,
francophone,,blow,,phreaking,,
originator,,publishing,,microblogging,,
mail,,association,,friendster,,
callingly,,water,,earthlink,,
hispanophone,,devise,,sorbs,,
contact,,structure,,junkmail,,
hook,,activity,,friending,,
callback,,fun,,cahoot,,
downcall,,vga,,instantaneity,,
center,,multi-color,,videodiscs,,
upcall,,array,,hoster,,
callee,,escape,,dial-up,,
remote,,key,,turn,,
crank,,strategy,,osi,,
booth,,matrox,,model,,
limp,,brain,,room,,
reraise,,word,,wikipedia,,
telefelony,,code,,transaction,,
teletex,,monkey,,exhaustion,,
conference,,tv,,theory,,
home,,tuner,,deployment,,
option,,king's,,buy,,
talk,,quest,,home,,
friend,,horseback,,linkedin,,
electrocommunication,,ride,,agreement,,
wake,,wii,,organize,,
autodial,,room,,flickr,,
hold,,von,,mojibake,,
teletypewriter,,neumann,,apps,,
direct,,visual,,reality,,
inward,,manager,,send,,
reverse,,radio,,multiplayer,,
gap,,control,,internaut,,
junction,,helicopter,,feminist,,
cybercommunication,,desktop,,harassment,,
wimax,,touchscreen,,human,,
target,,configuration,,readable,,
microwave,,section,,centre,,
criticises,,superhighway,,word,,
enquiry,,rubber,,aid,,
berlusconi,,duck,,design,,
azeri,,two,,datacard,,
winehouse,,finger,,security,,
organise,,type,,reddit,,
armenians,,compatible,,third,,
polanski,,canadian,,screen,,
henman,,readable,,observatory,,
uzbek,,killer,,graphics,,
favoured,,poke,,technical,,
azerbaijani,,basket,,support,,
programmes,,ball,,station,,
jambos,,spread,,break,,
casini,,ios,,censored,,
finland,,command,,identifier,,
urban,,line,,converter,,
2g,,interpreter,,machine,,
radiophone,,circuit,,expansion,,
customers,,work,,slot,,
provider,,blaster,,screenshots,,
subscribers,,assistant,,analog,,
online,,alpha,,boot,,
hardware,,test,,storm,,
cytoplasm,,family,,circuit,,
aol,,pulse-code,,square,,
available,,signal,,eye,,
vacuole,,skill,,dumb,,
intracellular,,database,,terminal,,
equipment,,24-bit,,code,,
unicellular,,color,,monkey,,
cellmate,,picture,,explorer,,
extracellular,,talk,,card,,
bring,,macintosh,,mud,,
cope,,beta,,neural,,
prepare,,dominance,,grid,,
tie,,rough,,configuration,,
turn,,ps/1,,section,,
speed,,boot,,sitekit,,
go,,storm,,cm,,
join,,log,,jungle,,
ahead,,technical,,telegraph,,
feel,,support,,password,,
stick,,content,,moo,,
rid,,path,,apple,,
add,,roller,,inc.,,
little,,coaster,,chrome,,
fall,,id,,plain,,
trade,,government,,text,,
find,,wheel,,mmorpg,,
got,,third,,openoffice.org,,
police,,screen,,client-side,,
pull,,cursor,,scripting,,
cup,,horse,,office,,
north,,utility,,terrorist,,
korean,,transaction,,yahoo!,,
confidence,,hovertank,,sales,,
count,,3d,,nsa,,
appeal,,marble,,china,,
focused,,translation,,aim,,
look,,arsys,,emergence,,
put,,board,,iran,,
end,,star,,burma,,
stand,,cruiser,,nokia,,
take,,impulse,,fbi,,
depend,,drake,,gchq,,
build,,forbes,,url,,
theater,,yo,,spyware,,
rip,,day,,botnet,,
lay,,viper,,microfinance,,
walk,,union,,kiva,,
ask,,violent,,queens,,
catch,,wolfenstein,,uber,,
cut,,dart,,crowdsourcing,,
stay,,store,,videoconferencing,,
open,,texture,,consolidation,,
come,,mapping,,child,,
times,,rolly,,parent,,
throw,,pooly,,attachment,,
figure,,professional,,astroturfing,,
third,,ultima,,carbon,,
party,,underworld,,copy,,
concentrate,,operating,,doxxing,,
let,,wing,,uninterruptible,,
property,,origin,,power,,
forward,,casino,,cyberbullying,,
rely,,civ,,mirror,,
belong,,links,,signature,,
rise,,pro,,portable,,
get,,olympic,,player,,
behind,,name,,mplayer.com,,
set,,net,,panama,,
give,,open,,canal,,
serve,,lcd,,cybersectarianism,,
wait,,pin,,conferencing,,
air,,pointer,,adobe,,
mass,,read,,flash,,
others,,reset,,fibre,,
move,,gate,,telex,,
deal,,track,,dial,,
carry,,fan,,kiddie,,
roll,,call,,gwyneth,,
verizon,,lag,,paltrow,,
intercellular,,frame,,lewis,,
phoneme,,counter,,carroll,,
machines,,lap,,cyberslacking,,
macrocell,,main,,sociology,,
anglophone,,capture,,lingua,,
yahoo,,panel,,franca,,
transmission,,super,,latin,,
connect,,end,,alphabet,,
carriers,,hang,,globalgiving,,
outlets,,cat,,zidisha,,
commercial,,number,,airbnb,,
allows,,pass,,donorschoose,,
wcdma,,close,,ransomware,,
via,,shell,,groupware,,
organelle,,trash,,mom-and-pop,,
public,,default,,euromonitor,,
sells,,password,,participation,,
search,,programme,,citizen,,
link,,bot,,handheld,,
company,,jump,,console,,
offering,,tongue,,cellular,,
facebook,,interrupt,,scholar,,
automated,,illegal,,distance,,
lines,,moose,,free,,
information,,gamestop,,movement,,
wired,,hat,,content-control,,
paging,,tournament,,literacy,,
microcell,,thing,,leased,,
sms,,basketball,,line,,
antenna,,pre,,cloud,,
zygote,,area,,remote,,
eukaryotic,,appliance,,private,,
countercall,,analogue,,pen,,
arthrospore,,alphanumeric,,pal,,
oligodendrocyte,,address,,gambling,,
teliasonera,,cache,,viral,,
phonic,,accumulator,,hate,,
port,,abacus,,speech,,
multicellular,,buffer,,disinhibition,,
summon,,branch,,effect,,
diploid,,block,,public,,
akaryocyte,,blip,,relations,,
john,,bit,,grooming,,
francis,,cascade,,experiment,,
mitchell,,bus,,first-person,,
cyte,,background,,shooter,,
minicell,,awacs,,role-playing,,
martin,,assembly,,gamespy,,
cooper,,capacity,,arcade,,
walkie-talkie,,cam,,lonely,,
acellular,,acer,,anyone,,
recombinant,,intel,,speak,,
area,,ring,,islamic,,
cyber-shot,,toss,,iraq,,
nucleolus,,beanie,,levant,,
dynatac,,baby,,addiction,,
chromatin,,foul,,disorder,,
bottom,,chris,,psychological,,
pyramid,,crawford,,value,,
sinophone,,spray,,hertz,,
vesicle,,paint,,countries,,
parthenote,,grafitti,,virus,,
switchboard,,paddle,,worm,,
hailer,,australian,,denial,,
blastema,,rule,,attack,,
cdma,,save,,economy,,
cytoplast,,asset,,economic,,
plasmodesma,,contact,,inequality,,
halloa,,kick,,warfare,,
chromosome,,beat,,mining,,
firecall,,extreme,,traffic,,
tetraploid,,good,,analysis,,
asia,,pall,,law,,
kosher,,mall,,enforcement,,
mitochondrion,,individual,,act,,
becall,,hitchhiker's,,capture,,
rabbi,,guide,,appliance,,
eric,,galaxy,,awareness,,
tigerstedt,,thread,,conference,,
semivowel,,science,,calling,,
microcellular,,child,,brick,,
analog,,action,,mortar,,
signal,,figure,,income,,
shabbat,,blizzard,,ministry,,
telegraphy,,conventional,,intelligence,,
extranuclear,,upper,,siemens,,
hight,,baseball,,ag,,
superorganism,,ice,,andrew,,
cellulate,,lego,,keen,,
replisome,,tic,,grant,,
teleprinter,,tac,,writing,,
disomy,,toe,,strategic,,
blastomere,,wrestle,,planning,,
bell,,string,,censorship,,
cybrid,,spectator,,north,,
invoke,,stardock,,korea,,
visit,,extended,,saudi,,
improved,,expanded,,arabia,,
cellblock,,os,,arab,,
anucleate,,mode,,emirates,,
microphone,,petabyte,,bit,,
ringback,,mario,,rate,,
myonucleus,,acceleration,,patent,,
nucleoplasm,,dolphin,,trademark,,
polyploid,,mmorpg,,submarine,,
nippon,,modem,,disruption,,
telegraph,,demoscene,,egypt,,
diaster,,mantle,,egyptian,,
nordic,,homebrew,,revolution,,
energid,,latency,,prior,,
ringxiety,,bandwidth,,art,,
karyology,,library,,self-reliance,,
endopolyploidy,,mame,,english,,
callout,,minor,,howard,,
regulome,,s3,,dean,,
r-uim,,virge,,activism,,
ephaptic,,tomb,,new,,
watchphone,,raider,,york,,
birdcall,,third-person,,times,,
karyokinesis,,gfwl,,jürgen,,
phagocyte,,backspace,,sphere,,
antiport,,biochip,,tiananmen,,
annunciator,,direct2drive,,protests,,
lysosome,,gog.com,,hilton,,
nempne,,nt,,worldwide,,
casio,,gamersgate,,divide,,
high-speed,,xp,,lending,,
packet,,multi-core,,avis,,
belout,,r300,,rent,,
computerphone,,geforce,,car,,
streaming,,pci-express,,spring,,
answerphone,,tom,,web,,
fujitsu,,clancy's,,website,,
sprint,,ghost,,,,
nextel,,recon,,,,
misname,,advanced,,,,
nexian,,warfighter,,,,
leydig,,city,,,,
hz,,villains,,,,
withcall,,episodic,,,,
autoanswer,,pack,,,,
sonant,,half-life,,,,
product,,02:00:00 AM,,,,
differentiation,,soundblaster,,,,
flat,,spatial,,,,
terrorist,,anti-aliasing,,,,
daughter,,mobile,,,,
polar,,draw,,,,
body,,distance,,,,
automaton,,non-player,,,,
pre,,character,,,,
audiovox,,ageia,,,,
cold,,cross-platform,,,,
somatic,,nestopia,,,,
utstarcom,,tanarus,,,,
benq-siemens,,pcsx2,,,,
philips,,guild,,,,
fuel,,wars,,,,
fat,,civilization,,,,
cect,,real-time,,,,
sanyo,,source,,,,
coolpad,,rights,,,,
busy,,environment,,,,
quorum,,user,,,,
order,,interface,,,,
pizza,,usage,,,,
news,,share,,,,
margin,,non-disclosure,,,,
genetic,,agreement,,,,
material,,gross,,,,
microchip,,margin,,,,
just5,,optical,,,,
trium,,valve,,,,
stem,,corporation,,,,
toshiba,,amazon,,,,
nuclear,,services,,,,
matrix,,ea,,,,
integrated,,binary,,,,
circuit,,file,,,,
kyocera,,storage,,,,
lumigon,,bar,,,,
identity,,2ds,,,,
pick,,first-sale,,,,
lock,,doctrine,,,,
check,,ram,,,,
white,,scalable,,,,
giesecke,,crossfire,,,,
devrient,,audio,,,,
back,,effect,,,,
modu,,artificial,,,,
delay,,intelligence,,,,
neonode,,"oakland,",,,,
openmoko,,california,,,,
tag,,history,,,,
sign,,museum,,,,
fast,,mountain,,,,
nerve,,"view,",,,,
jail,,broadband,,,,
solar,,spawn,,,,
toll,,installation,,,,
jewish,,local,,,,
orthodox,,application,,,,
desk,,driver,,,,
acoustic,,third-party,,,,
address,,component,,,,
hang,,steering,,,,
jew,,ii,,,,
utility,,american,,,,
pole,,psychological,,,,
girl,,centers,,,,
kiosk,,disease,,,,
tack,,addiction,,,,
answer,,massively,,,,
insta,,multiplayer,,,,
america,,cambridge,,,,
electrical,,university,,,,
smooth,,kingdom,,,,
standard,,brookhaven,,,,
poor's,,national,,,,
credit,,laboratory,,,,
rating,,shooting,,,,
tcl,,mission,,,,
mobisodes,,gta,,,,
3gpp,,sanaddress,,,,
ceo,,,,,,
deloitte,,,,,,
wave,,,,,,
coffee,,,,,,
epidemiology,,,,,,
intex,,,,,,
karbonn,,,,,,
micromax,,,,,,
mitsubishi,,,,,,
nec,,,,,,
panasonic,,,,,,
gliomas,,,,,,
imt-advanced,,,,,,
change.org,,,,,,
itu-r,,,,,,
multilateration,,,,,,
pantech,,,,,,
curitel,,,,,,
sagem,,,,,,
sharp,,,,,,
sierra,,,,,,
sk,,,,,,
teletech,,,,,,
union,,,,,,
content,,,,,,
legacy,,,,,,
restrictions,,,,,,
us,,,,,,
drivers,,,,,,
child,,,,,,
labour,,,,,,
british,,,,,,
medical,,,,,,
journal,,,,,,
electromagnetic,,,,,,
radiation,,,,,,
towers,,,,,,
animal,,,,,,
model,,,,,,
waste,,,,,,
health,,,,,,
organization,,,,,,
second,,,,,,
congo,,,,,,
guardian,,,,,,
schneiderman,,,,,,
democratic,,,,,,
republic,,,,,,
federal,,,,,,
commission,,,,,,
conflict,,,,,,
minerals,,,,,,
lennart,,,,,,
hardell,,,,,,
george,,,,,,
gascón,,,,,,
xiaomi,,,,,,
oppo,,,,,,
realme,,,,,,
oneplus,,,,,,
vivo,,,,,,
meizu,,,,,,
asus,,,,,,
alcatel,,,,,,
vodafone,,,,,,
energizer,,,,,,
cat,,,,,,
lava,,,,,,
blu,,,,,,
acer,,,,,,
infinix,,,,,,
tecno,,,,,,
wiko,,,,,,
yu,,,,,,
verykool,,,,,,
plum,,,,,,
qualcomm ,,,,,,
snapdragon,,,,,,
mediatek,,,,,,
hisilicon,,,,,,
exynos,,,,,,
ram,,,,,,
otz,,,,,,
